{
  "profile_hash": "demo_profile_hash_gamma",
  "controls": [
    {
      "source_index": 0,
      "n": 24,
      "dtau": 0.05,
      "taps_rad": [
        0.0,
        1.2566370614359172,
        2.5132741228718345,
        3.7699111843077517,
        5.026548245743669
      ],
      "weight": 0.55
    }
  ]
}