{
  "samples": 261,
  "deltaE_min": -26706778.586942315,
  "deltaE_max": 282474225.14382225,
  "deltaE_mean": 148684790.1225234,
  "deltaE_rms": 181609876.99201024
}