{
  "ts": "2025-10-08T10:30:37.525742Z",
  "results": [
    {
      "condition": "full",
      "start_phi": 3.6156811182795696,
      "end_phi": 2.34707023655914,
      "delta_phi": -1.2686108817204298,
      "accepted": 3,
      "ops": [
        [
          "Identity",
          3.6156811182795696,
          3.6156811182795696
        ],
        [
          "Rtheta",
          3.6156811182795696,
          3.61568111827957
        ],
        [
          "WeylReflect(s0)",
          3.6156811182795696,
          3.6156811182795696
        ],
        [
          "Midpoint",
          3.6156811182795696,
          2.34707023655914
        ]
      ]
    },
    {
      "condition": "no_geom",
      "start_phi": 2.6198387096774196,
      "end_phi": 0.8196774193548387,
      "delta_phi": -1.8001612903225808,
      "accepted": 3,
      "ops": [
        [
          "Identity",
          2.6198387096774196,
          2.6198387096774196
        ],
        [
          "Rtheta",
          2.6198387096774196,
          2.6198387096774196
        ],
        [
          "WeylReflect(s0)",
          2.6198387096774196,
          2.6198387096774196
        ],
        [
          "Midpoint",
          2.6198387096774196,
          0.8196774193548387
        ]
      ]
    },
    {
      "condition": "no_parity",
      "start_phi": 1.0156811182795698,
      "end_phi": 1.0156811182795698,
      "delta_phi": 0.0,
      "accepted": 2,
      "ops": [
        [
          "Identity",
          1.0156811182795698,
          1.0156811182795698
        ],
        [
          "Rtheta",
          1.0156811182795698,
          1.01568111827957
        ],
        [
          "WeylReflect(s0)",
          1.0156811182795698,
          1.0156811182795698
        ]
      ]
    },
    {
      "condition": "no_alena",
      "start_phi": 3.6156811182795696,
      "end_phi": 3.6156811182795696,
      "delta_phi": 0.0,
      "accepted": 0,
      "ops": []
    }
  ]
}