paper_type,phi_total,phi_geom,phi_parity,phi_sparsity,phi_kissing,active_slots,cartan_active,hash_id,root_index,embedding_error
Fundamental Forces,49.94299654386475,3.9534240888647547,8.0,11.78664491,0.9625,9,8,0a66e51858995255,205,0.8077839977107973
Quantum Computing,64.48343049394815,18.96054394894815,8.0,10.85327309,0.9625,9,8,4454fe9a9af87f42,27,1.7030115824355292
Thermodynamics,46.91706001422918,1.8441213242291867,8.0,9.95337738,0.9625,9,8,04fd128bb47c0a27,65,1.6121592685875503
Alena Tensor,50.69229066112907,4.154330896129074,8.0,12.883419530000001,0.9625,9,8,96195c73489e95db,51,1.5084198289097797
Neuroscience,0.09958333333333334,0.0,0.0,0.0,0.9958333333333333,1,0,db285926bf38f64b,23,0.0
Cosmology,45.53624880944023,1.678140929440235,8.0,7.523715760000001,0.9625,9,8,3193d36266ac8d3b,2,1.500374912089799
Physics Constants,0.09958333333333334,0.0,0.0,0.0,0.9958333333333333,1,0,db285926bf38f64b,23,0.0
Acoustics,0.09958333333333334,0.0,0.0,0.0,0.9958333333333333,1,0,db285926bf38f64b,23,0.0
