I,C,P,S,lag2,lag3,rigid_mean,hydro_std,triplet,complement
0.6367583212735167,1.0,0.731111111111111,1.0,-0.26997976619988107,0.40259290795758007,0.07555555555555556,0.5491362465581293,0.34832507239379606,0.0
0.720081135902637,1.0,0.9763888888888889,1.0,-0.16703297458201644,0.0671624492713856,0.09444444444444444,0.4138772369724513,0.03341877911267082,0.0
0.6117781589479703,0.9523809523809523,0.9581018518518518,1.0,-0.2007647802928974,0.32517119446261433,0.1675925925925926,0.5425349166666318,0.276125130941857,0.0
