cycle,ensemble_pose_rate,mean_best_rate,pose_loss,ticket_rate,discordant_ticket_rate,synergy_index
1,0.0321044921875,0.0321044921875,0.0,0.220458984375,0.213134765625,0.025261908769607544
2,0.0321044921875,0.0321044921875,0.0,0.220458984375,0.213134765625,0.025261908769607544
3,0.0321044921875,0.0321044921875,0.0,0.220458984375,0.213134765625,0.025261908769607544
