idx,L,a,b,mean_nm,var_nm2,skew,hex24
0,85.9032,26.7108,-2.0295,565.051,6085.1174,-0.222721,d978b7332331012f00000000
1,68.7373,-106.4225,56.3448,520.0,620.7953,-0.0,a1b618332331019500000000
2,81.5945,-7.4554,-10.8222,518.961,5391.9139,-0.081805,c776a7332331017d00000000
