source,target,distance
0,2,1.4390187602598152
0,1,1.5783943701942051
1,2,1.242608291654266
1,0,1.5783943701942051
2,1,1.242608291654266
2,0,1.4390187602598152
