dialect,ece_before,ece_after,ece_improvement,slope_after,whiteness_p,cross_rho,leakage,mean_hamming
B5,0.4154166666666666,0.37141666666666673,0.04399999999999987,0.05220581887248551,0.5961144804925069,0.04854230883090273,0.0012213971942654567,0.7466666666666667
B2,0.4154166666666666,0.3744166666666666,0.04099999999999998,0.06666666666666664,0.5703844025096292,0.058480211113844924,0.0013845204695668966,0.91
B4,0.4154166666666666,0.3750833333333334,0.04033333333333322,0.10023310023310017,0.6082805504240432,0.04364624360308007,0.0010530161986110457,0.7066666666666667
B3,0.41541666666666655,0.3771666666666667,0.03824999999999984,0.05710955710955708,0.5838528788879201,0.05349356470240975,0.0013145821128697354,0.7533333333333333
B10,0.4154166666666666,0.3784166666666667,0.03699999999999992,0.0789432789432789,0.5968884102936832,0.04854230883090273,0.001189018067681551,0.7066666666666667
B8,0.4154166666666666,0.37875,0.036666666666666625,0.08857808857808853,0.6205682054530258,0.038828038525809586,0.001109327286354727,0.5933333333333334
B16,0.4154166666666666,0.37958333333333333,0.03583333333333327,0.03776223776223774,0.6166571588494979,0.04074680312215901,0.0009675958685805434,0.5466666666666666
